"Stazione";"Firenze Citta'"
"Codice";"TOS11000111"
"Comune";"Firenze"
"Provincia";"FI"
"GB [m]";"E";1682287;"N";4849004
"WGS84 [Â°]";"Lat";43.772;"Lon";11.265
"Quota [m]";48,00

;;;ATTENZIONE i dati sono nel fomato csv ed utilizzano
;;;come separatore di colonna il "punto e virgola" e
;;;come separatore decimale la "virgola"
;;;verificare le proprie impostazioni internazionali per una corretta visulizzazione.
;;;Il valore -9999 corrisponde a dato mancante
;;;Il valore contrassegnato con @ corrisponde al dato mancante
;;;Il valore contrassegnato con V corrisponde al dato validato
;;;Il valore contrassegnato con P corrisponde al dato prevalidato soggetto ad eventuali modifiche
;;;(consultare la sezione Criteri di validazione)

"gg/mm/aaaa";"Precipitazione [mm]";"Tipo Dato"
01/01/2012;0,0;P
02/01/2012;0,0;P
03/01/2012;14,6;P
04/01/2012;0,0;P
05/01/2012;4,2;P
06/01/2012;2,2;P
07/01/2012;0,0;P
08/01/2012;0,0;P
09/01/2012;0,0;P
10/01/2012;0,2;P
11/01/2012;0,0;P
12/01/2012;0,0;P
13/01/2012;0,0;P
14/01/2012;0,0;P
15/01/2012;0,0;P
16/01/2012;0,0;P
17/01/2012;0,0;P
18/01/2012;0,0;P
19/01/2012;0,0;P
20/01/2012;0,2;P
21/01/2012;0,2;P
22/01/2012;0,0;P
23/01/2012;0,0;P
24/01/2012;0,0;P
25/01/2012;0,0;P
26/01/2012;0,0;P
27/01/2012;0,0;P
28/01/2012;0,0;P
29/01/2012;0,0;P
30/01/2012;0,0;P
31/01/2012;0,0;P
01/02/2012;1,8;P
02/02/2012;0,0;P
03/02/2012;0,0;P
04/02/2012;0,0;P
05/02/2012;0,0;P
06/02/2012;0,0;P
07/02/2012;0,0;P
08/02/2012;0,0;P
09/02/2012;0,0;P
10/02/2012;0,0;P
11/02/2012;0,0;P
12/02/2012;0,0;P
13/02/2012;0,0;P
14/02/2012;0,0;P
15/02/2012;0,0;P
16/02/2012;0,2;P
17/02/2012;0,0;P
18/02/2012;0,0;P
19/02/2012;2,4;P
20/02/2012;1,2;P
21/02/2012;2,6;P
22/02/2012;0,0;P
23/02/2012;0,0;P
24/02/2012;0,0;P
25/02/2012;0,0;P
26/02/2012;0,0;P
27/02/2012;0,0;P
28/02/2012;0,0;P
29/02/2012;0,0;P
01/03/2012;0,0;P
02/03/2012;0,0;P
03/03/2012;0,0;P
04/03/2012;0,0;P
05/03/2012;0,0;P
06/03/2012;12,6;P
07/03/2012;0,2;P
08/03/2012;0,0;P
09/03/2012;0,0;P
10/03/2012;0,0;P
11/03/2012;0,0;P
12/03/2012;0,0;P
13/03/2012;0,0;P
14/03/2012;0,0;P
15/03/2012;0,0;P
16/03/2012;0,0;P
17/03/2012;0,0;P
18/03/2012;0,0;P
19/03/2012;0,2;P
20/03/2012;3,2;P
21/03/2012;0,0;P
22/03/2012;0,0;P
23/03/2012;0,0;P
24/03/2012;0,0;P
25/03/2012;0,0;P
26/03/2012;0,0;P
27/03/2012;0,0;P
28/03/2012;0,0;P
29/03/2012;0,0;P
30/03/2012;0,0;P
31/03/2012;0,0;P
01/04/2012;0,0;P
02/04/2012;0,0;P
03/04/2012;0,2;P
04/04/2012;0,4;P
05/04/2012;0,0;P
06/04/2012;0,0;P
07/04/2012;0,6;P
08/04/2012;4,6;P
09/04/2012;6,0;P
10/04/2012;0,0;P
11/04/2012;7,2;P
12/04/2012;23,8;P
13/04/2012;0,0;P
14/04/2012;0,0;P
15/04/2012;19,0;P
16/04/2012;0,0;P
17/04/2012;1,6;P
18/04/2012;0,0;P
19/04/2012;10,8;P
20/04/2012;9,6;P
21/04/2012;15,4;P
22/04/2012;1,2;P
23/04/2012;0,0;P
24/04/2012;5,0;P
25/04/2012;1,8;P
26/04/2012;0,0;P
27/04/2012;0,0;P
28/04/2012;0,0;P
29/04/2012;0,0;P
30/04/2012;1,2;P
01/05/2012;4,4;P
02/05/2012;5,8;P
03/05/2012;0,0;P
04/05/2012;0,0;P
05/05/2012;0,0;P
06/05/2012;0,0;P
07/05/2012;26,4;P
08/05/2012;0,0;P
09/05/2012;0,0;P
10/05/2012;0,0;P
11/05/2012;0,0;P
12/05/2012;0,0;P
13/05/2012;0,0;P
14/05/2012;2,0;P
15/05/2012;0,0;P
16/05/2012;0,6;P
17/05/2012;0,0;P
18/05/2012;0,0;P
19/05/2012;0,0;P
20/05/2012;1,0;P
21/05/2012;32,0;P
22/05/2012;11,6;P
23/05/2012;0,0;P
24/05/2012;0,0;P
25/05/2012;0,0;P
26/05/2012;0,0;P
27/05/2012;0,0;P
28/05/2012;0,6;P
29/05/2012;0,0;P
30/05/2012;0,0;P
31/05/2012;0,0;P
01/06/2012;0,0;P
02/06/2012;0,0;P
03/06/2012;0,0;P
04/06/2012;0,0;P
05/06/2012;0,0;P
06/06/2012;0,0;P
07/06/2012;0,0;P
08/06/2012;0,0;P
09/06/2012;0,0;P
10/06/2012;0,4;P
11/06/2012;23,8;P
12/06/2012;6,6;P
13/06/2012;0,0;P
14/06/2012;0,0;P
15/06/2012;0,0;P
16/06/2012;0,0;P
17/06/2012;0,0;P
18/06/2012;0,0;P
19/06/2012;0,0;P
20/06/2012;0,0;P
21/06/2012;0,0;P
22/06/2012;0,0;P
23/06/2012;0,0;P
24/06/2012;0,0;P
25/06/2012;0,0;P
26/06/2012;0,0;P
27/06/2012;0,0;P
28/06/2012;0,0;P
29/06/2012;0,0;P
30/06/2012;0,0;P
01/07/2012;0,0;P
02/07/2012;0,0;P
03/07/2012;0,0;P
04/07/2012;0,0;P
05/07/2012;0,0;P
06/07/2012;0,0;P
07/07/2012;0,0;P
08/07/2012;0,0;P
09/07/2012;0,0;P
10/07/2012;0,0;P
11/07/2012;0,0;P
12/07/2012;0,0;P
13/07/2012;0,0;P
14/07/2012;0,0;P
15/07/2012;0,0;P
16/07/2012;0,0;P
17/07/2012;0,0;P
18/07/2012;0,0;P
19/07/2012;0,0;P
20/07/2012;0,0;P
21/07/2012;0,0;P
22/07/2012;0,0;P
23/07/2012;0,0;P
24/07/2012;0,0;P
25/07/2012;0,0;P
26/07/2012;0,0;P
27/07/2012;0,0;P
28/07/2012;0,0;P
29/07/2012;0,0;P
30/07/2012;0,0;P
31/07/2012;0,0;P
01/08/2012;0,0;P
02/08/2012;0,0;P
03/08/2012;0,0;P
04/08/2012;0,0;P
05/08/2012;0,0;P
06/08/2012;0,0;P
07/08/2012;0,0;P
08/08/2012;0,0;P
09/08/2012;0,0;P
10/08/2012;0,0;P
11/08/2012;0,0;P
12/08/2012;0,0;P
13/08/2012;0,0;P
14/08/2012;0,0;P
15/08/2012;1,0;P
16/08/2012;0,0;P
17/08/2012;0,0;P
18/08/2012;0,0;P
19/08/2012;0,0;P
20/08/2012;0,0;P
21/08/2012;0,0;P
22/08/2012;0,0;P
23/08/2012;0,0;P
24/08/2012;0,0;P
25/08/2012;0,0;P
26/08/2012;0,0;P
27/08/2012;17,0;P
28/08/2012;0,0;P
29/08/2012;0,0;P
30/08/2012;0,0;P
31/08/2012;29,6;P
01/09/2012;2,2;P
02/09/2012;14,6;P
03/09/2012;16,6;P
04/09/2012;2,2;P
05/09/2012;0,0;P
06/09/2012;0,0;P
07/09/2012;0,0;P
08/09/2012;0,0;P
09/09/2012;0,0;P
10/09/2012;0,0;P
11/09/2012;0,0;P
12/09/2012;0,0;P
13/09/2012;0,2;P
14/09/2012;0,0;P
15/09/2012;0,0;P
16/09/2012;0,0;P
17/09/2012;0,0;P
18/09/2012;0,0;P
19/09/2012;4,0;P
20/09/2012;18,2;P
21/09/2012;0,0;P
22/09/2012;0,0;P
23/09/2012;0,0;P
24/09/2012;0,0;P
25/09/2012;0,0;P
26/09/2012;0,0;P
27/09/2012;0,2;P
28/09/2012;4,4;P
29/09/2012;0,0;P
30/09/2012;0,6;P
01/10/2012;49,8;P
02/10/2012;2,6;P
03/10/2012;0,0;P
04/10/2012;0,0;P
05/10/2012;0,0;P
06/10/2012;0,0;P
07/10/2012;0,0;P
08/10/2012;0,2;P
09/10/2012;6,2;P
10/10/2012;0,6;P
11/10/2012;0,0;P
12/10/2012;9,2;P
13/10/2012;0,6;P
14/10/2012;0,4;P
15/10/2012;0,0;P
16/10/2012;24,4;P
17/10/2012;0,0;P
18/10/2012;0,0;P
19/10/2012;0,0;P
20/10/2012;0,0;P
21/10/2012;0,0;P
22/10/2012;0,0;P
23/10/2012;0,0;P
24/10/2012;0,0;P
25/10/2012;0,0;P
26/10/2012;0,0;P
27/10/2012;18,4;P
28/10/2012;19,8;P
29/10/2012;19,4;P
30/10/2012;0,0;P
31/10/2012;0,0;P
01/11/2012;27,8;P
02/11/2012;4,0;P
03/11/2012;0,2;P
04/11/2012;4,6;P
05/11/2012;3,6;P
06/11/2012;0,4;P
07/11/2012;4,8;P
08/11/2012;0,0;P
09/11/2012;0,0;P
10/11/2012;0,0;P
11/11/2012;4,0;P
12/11/2012;5,8;P
13/11/2012;7,2;P
14/11/2012;0,2;P
15/11/2012;0,0;P
16/11/2012;0,0;P
17/11/2012;0,0;P
18/11/2012;0,0;P
19/11/2012;0,2;P
20/11/2012;2,4;P
21/11/2012;0,0;P
22/11/2012;0,0;P
23/11/2012;0,2;P
24/11/2012;0,0;P
25/11/2012;0,0;P
26/11/2012;0,0;P
27/11/2012;0,0;P
28/11/2012;95,8;P
29/11/2012;17,6;P
30/11/2012;5,0;P
01/12/2012;4,2;P
02/12/2012;10,2;P
03/12/2012;0,6;P
04/12/2012;6,8;P
05/12/2012;29,2;P
06/12/2012;0,2;P
07/12/2012;0,0;P
08/12/2012;20,4;P
09/12/2012;0,0;P
10/12/2012;0,0;P
11/12/2012;0,2;P
12/12/2012;0,2;P
13/12/2012;0,0;P
14/12/2012;1,4;P
15/12/2012;9,6;P
16/12/2012;14,4;P
17/12/2012;6,2;P
18/12/2012;23,8;P
19/12/2012;0,0;P
20/12/2012;0,2;P
21/12/2012;4,2;P
22/12/2012;2,4;P
23/12/2012;0,4;P
24/12/2012;0,8;P
25/12/2012;0,0;P
26/12/2012;0,2;P
27/12/2012;10,4;P
28/12/2012;3,8;P
29/12/2012;0,0;P
30/12/2012;0,0;P
31/12/2012;0,0;P
01/01/2013;0,0;P
02/01/2013;3,4;P
03/01/2013;1,6;P
04/01/2013;0,2;P
05/01/2013;0,0;P
06/01/2013;0,0;P
07/01/2013;0,0;P
08/01/2013;0,0;P
09/01/2013;0,0;P
10/01/2013;0,0;P
11/01/2013;0,6;P
12/01/2013;4,2;P
13/01/2013;5,0;P
14/01/2013;17,0;P
15/01/2013;3,6;P
16/01/2013;6,4;P
17/01/2013;4,2;P
18/01/2013;0,0;P
19/01/2013;0,0;P
20/01/2013;13,6;P
21/01/2013;13,2;P
22/01/2013;1,6;P
23/01/2013;2,8;P
24/01/2013;0,0;P
25/01/2013;0,0;P
26/01/2013;0,0;P
27/01/2013;0,0;P
28/01/2013;4,8;P
29/01/2013;3,0;P
30/01/2013;0,4;P
31/01/2013;0,0;P
01/02/2013;0,0;P
02/02/2013;0,2;P
03/02/2013;9,2;P
04/02/2013;0,0;P
05/02/2013;0,0;P
06/02/2013;10,4;P
07/02/2013;0,6;P
08/02/2013;0,0;P
09/02/2013;0,0;P
10/02/2013;0,0;P
11/02/2013;0,0;P
12/02/2013;6,6;P
13/02/2013;1,2;P
14/02/2013;0,0;P
15/02/2013;0,0;P
16/02/2013;0,0;P
17/02/2013;0,0;P
18/02/2013;0,0;P
19/02/2013;0,0;P
20/02/2013;0,0;P
21/02/2013;0,0;P
22/02/2013;4,0;P
23/02/2013;3,2;P
24/02/2013;18,2;P
25/02/2013;4,6;P
26/02/2013;0,4;P
27/02/2013;0,0;P
28/02/2013;0,0;P
01/03/2013;0,0;P
02/03/2013;0,0;P
03/03/2013;0,0;P
04/03/2013;0,0;P
05/03/2013;0,0;P
06/03/2013;0,0;@
07/03/2013;0,0;@
08/03/2013;0,0;@
09/03/2013;1,4;P
10/03/2013;14,4;P
11/03/2013;26,8;P
12/03/2013;16,0;P
13/03/2013;7,0;P
14/03/2013;14,0;P
15/03/2013;0,0;P
16/03/2013;0,0;P
17/03/2013;0,0;P
18/03/2013;23,8;P
19/03/2013;5,0;P
20/03/2013;0,0;P
21/03/2013;11,4;P
22/03/2013;0,0;P
23/03/2013;0,0;P
24/03/2013;4,0;P
25/03/2013;0,8;P
26/03/2013;2,6;P
27/03/2013;5,6;P
28/03/2013;0,0;P
29/03/2013;1,8;P
30/03/2013;0,4;P
31/03/2013;7,6;P
01/04/2013;0,2;P
02/04/2013;9,4;P
03/04/2013;0,0;P
04/04/2013;0,0;P
05/04/2013;4,6;P
06/04/2013;7,4;P
07/04/2013;0,0;P
08/04/2013;0,0;P
09/04/2013;5,8;P
10/04/2013;7,0;P
11/04/2013;0,0;P
12/04/2013;0,0;P
13/04/2013;0,2;P
14/04/2013;0,0;P
15/04/2013;0,0;P
16/04/2013;0,0;P
17/04/2013;0,0;P
18/04/2013;0,0;P
19/04/2013;0,0;P
20/04/2013;0,0;P
21/04/2013;0,0;P
22/04/2013;0,0;P
23/04/2013;0,6;P
24/04/2013;0,0;P
25/04/2013;0,0;P
26/04/2013;0,0;P
27/04/2013;0,0;P
28/04/2013;2,8;P
29/04/2013;0,0;P
30/04/2013;1,2;P
01/05/2013;0,4;P
02/05/2013;3,4;P
03/05/2013;2,2;P
04/05/2013;0,0;P
05/05/2013;1,2;P
06/05/2013;0,8;P
07/05/2013;1,2;P
08/05/2013;0,0;P
09/05/2013;3,6;P
10/05/2013;0,0;P
11/05/2013;3,4;P
12/05/2013;0,0;P
13/05/2013;12,4;P
14/05/2013;0,0;P
15/05/2013;0,0;P
16/05/2013;16,4;P
17/05/2013;8,4;P
18/05/2013;3,6;P
19/05/2013;3,4;P
20/05/2013;1,2;P
21/05/2013;0,4;P
22/05/2013;0,0;P
23/05/2013;3,6;P
24/05/2013;0,0;P
25/05/2013;3,6;P
26/05/2013;16,2;P
27/05/2013;0,0;P
28/05/2013;0,2;P
29/05/2013;0,2;P
30/05/2013;5,6;P
31/05/2013;3,2;P
01/06/2013;0,0;P
02/06/2013;0,0;P
03/06/2013;6,0;P
04/06/2013;11,4;P
05/06/2013;0,0;P
06/06/2013;0,2;P
07/06/2013;0,0;P
08/06/2013;0,8;P
09/06/2013;0,0;P
10/06/2013;4,4;P
11/06/2013;1,6;P
12/06/2013;0,0;P
13/06/2013;0,0;P
14/06/2013;0,0;P
15/06/2013;0,0;P
16/06/2013;0,0;P
17/06/2013;0,0;P
18/06/2013;0,0;P
19/06/2013;0,0;P
20/06/2013;0,0;P
21/06/2013;0,0;P
22/06/2013;0,0;P
23/06/2013;0,0;P
24/06/2013;0,0;P
25/06/2013;17,8;P
26/06/2013;0,2;P
27/06/2013;0,0;P
28/06/2013;0,0;P
29/06/2013;0,0;P
30/06/2013;0,0;P
01/07/2013;0,0;P
02/07/2013;0,0;P
03/07/2013;0,0;P
04/07/2013;0,0;P
05/07/2013;0,0;P
06/07/2013;0,0;P
07/07/2013;0,0;P
08/07/2013;0,0;P
09/07/2013;0,0;P
10/07/2013;0,0;P
11/07/2013;5,8;P
12/07/2013;0,0;P
13/07/2013;0,0;P
14/07/2013;0,0;P
15/07/2013;0,0;P
16/07/2013;0,0;P
17/07/2013;0,0;P
18/07/2013;0,0;P
19/07/2013;9,2;P
20/07/2013;5,2;P
21/07/2013;0,0;P
22/07/2013;0,0;P
23/07/2013;0,0;P
24/07/2013;0,0;P
25/07/2013;0,0;P
26/07/2013;0,0;P
27/07/2013;0,0;P
28/07/2013;0,0;P
29/07/2013;0,0;P
30/07/2013;5,0;P
31/07/2013;0,0;P
01/08/2013;0,0;P
02/08/2013;0,0;P
03/08/2013;0,0;P
04/08/2013;0,0;P
05/08/2013;0,0;P
06/08/2013;0,0;P
07/08/2013;0,0;P
08/08/2013;0,0;P
09/08/2013;0,0;P
10/08/2013;0,0;P
11/08/2013;0,0;P
12/08/2013;0,0;P
13/08/2013;0,0;P
14/08/2013;0,0;P
15/08/2013;0,0;P
16/08/2013;0,0;P
17/08/2013;0,0;P
18/08/2013;0,0;P
19/08/2013;0,0;P
20/08/2013;10,2;P
21/08/2013;0,0;P
22/08/2013;0,0;P
23/08/2013;0,0;P
24/08/2013;0,0;P
25/08/2013;26,6;P
26/08/2013;0,2;P
27/08/2013;0,0;P
28/08/2013;0,0;P
29/08/2013;0,0;P
30/08/2013;11,2;P
31/08/2013;0,0;P
01/09/2013;0,0;P
02/09/2013;0,0;P
03/09/2013;0,0;P
04/09/2013;0,0;P
05/09/2013;0,0;P
06/09/2013;0,0;P
07/09/2013;0,0;P
08/09/2013;0,0;P
09/09/2013;15,6;P
10/09/2013;0,0;P
11/09/2013;15,2;P
12/09/2013;0,0;P
13/09/2013;0,0;P
14/09/2013;0,0;P
15/09/2013;2,0;P
16/09/2013;21,6;P
17/09/2013;0,0;P
18/09/2013;0,0;P
19/09/2013;0,0;P
20/09/2013;0,0;P
21/09/2013;0,0;P
22/09/2013;0,0;P
23/09/2013;0,0;P
24/09/2013;0,0;P
25/09/2013;0,0;P
26/09/2013;0,0;P
27/09/2013;0,0;P
28/09/2013;0,0;P
29/09/2013;8,2;P
30/09/2013;22,2;P
01/10/2013;3,2;P
02/10/2013;0,0;P
03/10/2013;0,0;P
04/10/2013;0,0;P
05/10/2013;12,0;P
06/10/2013;33,6;P
07/10/2013;0,8;P
08/10/2013;11,8;P
09/10/2013;0,0;P
10/10/2013;0,2;P
11/10/2013;11,8;P
12/10/2013;5,6;P
13/10/2013;0,2;P
14/10/2013;0,0;P
15/10/2013;2,0;P
16/10/2013;10,4;P
17/10/2013;0,0;P
18/10/2013;0,2;P
19/10/2013;0,0;P
20/10/2013;0,0;P
21/10/2013;40,2;P
22/10/2013;1,0;P
23/10/2013;0,0;P
24/10/2013;25,8;P
25/10/2013;0,0;P
26/10/2013;0,0;P
27/10/2013;0,0;P
28/10/2013;0,0;P
29/10/2013;0,0;P
30/10/2013;0,0;P
31/10/2013;0,0;P
01/11/2013;0,0;P
02/11/2013;0,0;P
03/11/2013;0,0;P
04/11/2013;0,0;P
05/11/2013;18,2;P
06/11/2013;0,2;P
07/11/2013;0,0;P
08/11/2013;0,0;P
09/11/2013;0,0;P
10/11/2013;6,6;P
11/11/2013;24,0;P
12/11/2013;0,4;P
13/11/2013;0,0;P
14/11/2013;0,0;P
15/11/2013;12,8;P
16/11/2013;0,0;P
17/11/2013;0,0;P
18/11/2013;0,0;P
19/11/2013;2,8;P
20/11/2013;3,4;P
21/11/2013;8,0;P
22/11/2013;24,2;P
23/11/2013;3,2;P
24/11/2013;0,6;P
25/11/2013;0,0;P
26/11/2013;0,0;P
27/11/2013;0,0;P
28/11/2013;0,0;P
29/11/2013;0,0;P
30/11/2013;0,0;P
01/12/2013;0,0;P
02/12/2013;0,0;P
03/12/2013;0,0;P
04/12/2013;0,0;P
05/12/2013;0,0;P
06/12/2013;0,0;P
07/12/2013;0,0;P
08/12/2013;0,0;P
09/12/2013;0,2;P
10/12/2013;0,0;P
11/12/2013;0,0;P
12/12/2013;0,2;P
13/12/2013;0,0;P
14/12/2013;0,0;P
15/12/2013;0,0;P
16/12/2013;0,0;P
17/12/2013;0,0;P
18/12/2013;0,0;P
19/12/2013;0,0;P
20/12/2013;0,0;P
21/12/2013;0,6;P
22/12/2013;0,0;P
23/12/2013;0,0;P
24/12/2013;0,0;P
25/12/2013;0,0;P
26/12/2013;10,2;P
27/12/2013;4,2;P
28/12/2013;0,2;P
29/12/2013;5,0;P
30/12/2013;0,4;P
31/12/2013;0,0;P
01/01/2014;0,0;P
02/01/2014;0,0;P
03/01/2014;9,2;P
04/01/2014;2,2;P
05/01/2014;6,2;P
06/01/2014;0,2;P
07/01/2014;0,0;P
08/01/2014;0,0;P
09/01/2014;0,0;P
10/01/2014;0,0;P
11/01/2014;0,0;P
12/01/2014;0,0;P
13/01/2014;0,2;P
14/01/2014;2,0;P
15/01/2014;16,0;P
16/01/2014;0,0;P
17/01/2014;0,0;P
18/01/2014;25,6;P
19/01/2014;8,8;P
20/01/2014;8,6;P
21/01/2014;0,4;P
22/01/2014;0,0;P
23/01/2014;0,2;P
24/01/2014;15,8;P
25/01/2014;0,0;P
26/01/2014;0,0;P
27/01/2014;1,2;P
28/01/2014;9,6;P
29/01/2014;0,0;P
30/01/2014;16,0;P
31/01/2014;39,0;P
01/02/2014;7,0;P
02/02/2014;0,4;P
03/02/2014;3,2;P
04/02/2014;2,0;P
05/02/2014;7,2;P
06/02/2014;8,0;P
07/02/2014;0,0;P
08/02/2014;12,4;P
09/02/2014;2,8;P
10/02/2014;4,0;P
11/02/2014;37,8;P
12/02/2014;0,8;P
13/02/2014;0,0;P
14/02/2014;1,2;P
15/02/2014;0,0;P
16/02/2014;0,0;P
17/02/2014;0,0;P
18/02/2014;0,0;P
19/02/2014;0,0;P
20/02/2014;33,2;P
21/02/2014;3,2;P
22/02/2014;8,0;P
23/02/2014;6,6;P
24/02/2014;0,0;P
25/02/2014;0,0;P
26/02/2014;0,0;P
27/02/2014;14,2;P
28/02/2014;5,2;P
01/03/2014;4,0;P
02/03/2014;2,6;P
03/03/2014;0,0;P
04/03/2014;2,4;P
05/03/2014;1,6;P
06/03/2014;0,0;P
07/03/2014;0,0;P
08/03/2014;0,0;P
09/03/2014;0,0;P
10/03/2014;0,0;P
11/03/2014;0,0;P
12/03/2014;0,0;P
13/03/2014;0,0;P
14/03/2014;0,0;P
15/03/2014;0,0;P
16/03/2014;0,0;P
17/03/2014;0,0;P
18/03/2014;0,0;P
19/03/2014;0,0;P
20/03/2014;0,0;P
21/03/2014;0,0;P
22/03/2014;0,6;P
23/03/2014;11,6;P
24/03/2014;11,6;P
25/03/2014;0,2;P
26/03/2014;0,0;P
27/03/2014;0,2;P
28/03/2014;0,0;P
29/03/2014;0,0;P
30/03/2014;0,0;P
31/03/2014;0,0;P
01/04/2014;0,0;P
02/04/2014;0,0;P
03/04/2014;0,0;P
04/04/2014;0,6;P
05/04/2014;8,4;P
06/04/2014;0,0;P
07/04/2014;0,0;P
08/04/2014;0,0;P
09/04/2014;1,8;P
10/04/2014;0,0;P
11/04/2014;0,0;P
12/04/2014;0,0;P
13/04/2014;0,0;P
14/04/2014;1,2;P
15/04/2014;0,0;P
16/04/2014;0,0;P
17/04/2014;0,0;P
18/04/2014;0,0;P
19/04/2014;2,6;P
20/04/2014;3,0;P
21/04/2014;0,0;P
22/04/2014;0,0;P
23/04/2014;0,0;P
24/04/2014;0,0;P
25/04/2014;0,0;P
26/04/2014;0,2;P
27/04/2014;0,0;P
28/04/2014;2,2;P
29/04/2014;7,2;P
30/04/2014;0,0;P
01/05/2014;0,2;P
02/05/2014;0,0;P
03/05/2014;14,2;P
04/05/2014;5,6;P
05/05/2014;0,0;P
06/05/2014;0,0;P
07/05/2014;0,0;P
08/05/2014;1,4;P
09/05/2014;0,0;P
10/05/2014;0,0;P
11/05/2014;0,0;P
12/05/2014;0,0;P
13/05/2014;0,0;P
14/05/2014;0,0;P
15/05/2014;0,0;P
16/05/2014;0,0;P
17/05/2014;0,0;P
18/05/2014;0,0;P
19/05/2014;0,0;P
20/05/2014;0,0;P
21/05/2014;0,0;P
22/05/2014;0,0;P
23/05/2014;0,0;P
24/05/2014;4,0;P
25/05/2014;0,0;P
26/05/2014;2,0;P
27/05/2014;0,0;P
28/05/2014;0,8;P
29/05/2014;0,0;P
30/05/2014;0,0;P
31/05/2014;2,0;P
01/06/2014;0,0;P
02/06/2014;0,0;P
03/06/2014;0,0;P
04/06/2014;0,0;P
05/06/2014;0,0;P
06/06/2014;0,0;P
07/06/2014;0,0;P
08/06/2014;0,0;P
09/06/2014;0,0;P
10/06/2014;0,0;P
11/06/2014;0,0;P
12/06/2014;0,0;P
13/06/2014;12,8;P
14/06/2014;14,6;P
15/06/2014;0,4;P
16/06/2014;3,8;P
17/06/2014;0,0;P
18/06/2014;0,0;P
19/06/2014;0,0;P
20/06/2014;0,0;P
21/06/2014;0,0;P
22/06/2014;0,0;P
23/06/2014;0,0;P
24/06/2014;0,0;P
25/06/2014;0,0;P
26/06/2014;0,8;P
27/06/2014;2,0;P
28/06/2014;0,0;P
29/06/2014;0,0;P
30/06/2014;43,8;P
01/07/2014;0,0;P
02/07/2014;0,0;P
03/07/2014;0,0;P
04/07/2014;0,0;P
05/07/2014;0,0;P
06/07/2014;0,0;P
07/07/2014;0,0;P
08/07/2014;3,6;P
09/07/2014;11,8;P
10/07/2014;6,0;P
11/07/2014;0,8;P
12/07/2014;0,0;P
13/07/2014;0,4;P
14/07/2014;1,6;P
15/07/2014;0,0;P
16/07/2014;0,0;P
17/07/2014;0,0;P
18/07/2014;0,0;P
19/07/2014;0,0;P
20/07/2014;0,0;P
21/07/2014;20,2;P
22/07/2014;11,6;P
23/07/2014;0,0;P
24/07/2014;0,0;P
25/07/2014;4,4;P
26/07/2014;0,0;P
27/07/2014;15,4;P
28/07/2014;0,0;P
29/07/2014;0,0;P
30/07/2014;20,4;P
31/07/2014;0,2;P
01/08/2014;0,0;P
02/08/2014;0,0;P
03/08/2014;0,0;P
04/08/2014;45,4;P
05/08/2014;0,0;P
06/08/2014;21,2;P
07/08/2014;0,0;P
08/08/2014;0,0;P
09/08/2014;0,0;P
10/08/2014;0,0;P
11/08/2014;0,0;P
12/08/2014;0,0;P
13/08/2014;0,0;P
14/08/2014;5,0;P
15/08/2014;0,0;P
16/08/2014;0,0;P
17/08/2014;0,0;P
18/08/2014;0,0;P
19/08/2014;0,0;P
20/08/2014;0,0;P
21/08/2014;0,0;P
22/08/2014;0,0;P
23/08/2014;0,0;P
24/08/2014;0,4;P
25/08/2014;0,0;P
26/08/2014;0,0;P
27/08/2014;0,0;P
28/08/2014;0,0;P
29/08/2014;0,0;P
30/08/2014;0,0;P
31/08/2014;0,0;P
01/09/2014;12,6;P
02/09/2014;0,0;P
03/09/2014;0,0;P
04/09/2014;0,0;P
05/09/2014;0,0;P
06/09/2014;0,0;P
07/09/2014;0,0;P
08/09/2014;0,0;P
09/09/2014;0,0;P
10/09/2014;15,2;P
11/09/2014;26,0;P
12/09/2014;2,0;P
13/09/2014;0,4;P
14/09/2014;0,0;P
15/09/2014;0,0;P
16/09/2014;0,0;P
17/09/2014;0,0;P
18/09/2014;0,0;P
19/09/2014;0,0;P
20/09/2014;28,0;P
21/09/2014;0,0;P
22/09/2014;1,0;P
23/09/2014;0,0;P
24/09/2014;0,0;P
25/09/2014;0,0;P
26/09/2014;0,0;P
27/09/2014;0,0;P
28/09/2014;0,0;P
29/09/2014;0,0;P
30/09/2014;0,0;P
01/10/2014;1,8;P
02/10/2014;2,4;P
03/10/2014;0,0;P
04/10/2014;0,0;P
05/10/2014;0,0;P
06/10/2014;0,0;P
07/10/2014;0,0;P
08/10/2014;0,0;P
09/10/2014;0,0;P
10/10/2014;0,0;P
11/10/2014;0,0;P
12/10/2014;10,2;P
13/10/2014;0,2;P
14/10/2014;17,2;P
15/10/2014;8,2;P
16/10/2014;3,4;P
17/10/2014;1,2;P
18/10/2014;1,2;P
19/10/2014;0,0;P
20/10/2014;0,0;P
21/10/2014;2,2;P
22/10/2014;1,2;P
23/10/2014;0,0;P
24/10/2014;0,0;P
25/10/2014;0,0;P
26/10/2014;0,0;P
27/10/2014;0,0;P
28/10/2014;0,0;P
29/10/2014;0,0;P
30/10/2014;0,0;P
31/10/2014;0,0;P
01/11/2014;0,0;P
02/11/2014;0,0;P
03/11/2014;0,0;P
04/11/2014;0,0;P
05/11/2014;6,0;P
06/11/2014;23,6;P
07/11/2014;11,2;P
08/11/2014;0,4;P
09/11/2014;0,0;P
10/11/2014;0,0;P
11/11/2014;11,8;P
12/11/2014;0,4;P
13/11/2014;17,6;P
14/11/2014;1,0;P
15/11/2014;0,0;P
16/11/2014;14,6;P
17/11/2014;2,4;P
18/11/2014;39,4;P
19/11/2014;38,4;P
20/11/2014;0,0;P
21/11/2014;0,0;P
22/11/2014;2,0;P
23/11/2014;0,0;P
24/11/2014;0,2;P
25/11/2014;0,0;P
26/11/2014;5,2;P
27/11/2014;4,8;P
28/11/2014;3,0;P
29/11/2014;0,0;P
30/11/2014;1,0;P
01/12/2014;0,8;P
02/12/2014;0,0;P
03/12/2014;0,0;P
04/12/2014;4,8;P
05/12/2014;3,2;P
06/12/2014;1,8;P
07/12/2014;0,6;P
08/12/2014;0,0;P
09/12/2014;0,0;P
10/12/2014;0,0;P
11/12/2014;0,0;P
12/12/2014;0,0;P
13/12/2014;0,0;P
14/12/2014;0,6;P
15/12/2014;0,0;P
16/12/2014;8,0;P
17/12/2014;0,8;P
18/12/2014;0,0;P
19/12/2014;0,0;P
20/12/2014;0,0;P
21/12/2014;0,0;P
22/12/2014;0,0;P
23/12/2014;0,0;P
24/12/2014;0,0;P
25/12/2014;0,0;P
26/12/2014;0,0;P
27/12/2014;0,0;P
28/12/2014;21,0;P
29/12/2014;0,0;P
30/12/2014;0,0;P
31/12/2014;0,0;P
01/01/2015;0,0;P
02/01/2015;0,0;P
03/01/2015;0,0;P
04/01/2015;0,0;P
05/01/2015;0,0;P
06/01/2015;0,0;P
07/01/2015;0,0;P
08/01/2015;0,0;P
09/01/2015;0,0;P
10/01/2015;0,0;P
11/01/2015;0,0;P
12/01/2015;0,0;P
13/01/2015;0,0;P
14/01/2015;0,0;P
15/01/2015;0,4;P
16/01/2015;0,0;P
17/01/2015;8,2;P
18/01/2015;2,0;P
19/01/2015;0,2;P
20/01/2015;0,0;P
21/01/2015;0,8;P
22/01/2015;4,4;P
23/01/2015;0,0;P
24/01/2015;0,0;P
25/01/2015;0,0;P
26/01/2015;0,0;P
27/01/2015;0,0;P
28/01/2015;0,0;P
29/01/2015;0,0;P
30/01/2015;26,8;P
31/01/2015;3,4;P
01/02/2015;5,2;P
02/02/2015;0,0;P
03/02/2015;6,8;P
04/02/2015;0,0;P
05/02/2015;13,0;P
06/02/2015;8,2;P
07/02/2015;0,8;P
08/02/2015;0,0;P
09/02/2015;0,0;P
10/02/2015;0,0;P
11/02/2015;0,0;P
12/02/2015;0,0;P
13/02/2015;0,0;P
14/02/2015;0,4;P
15/02/2015;0,4;P
16/02/2015;1,4;P
17/02/2015;0,0;P
18/02/2015;0,0;P
19/02/2015;0,0;P
20/02/2015;0,0;P
21/02/2015;0,0;P
22/02/2015;10,8;P
23/02/2015;0,2;P
24/02/2015;0,6;P
25/02/2015;0,2;P
26/02/2015;0,0;P
27/02/2015;0,0;P
28/02/2015;0,0;P
01/03/2015;0,0;P
02/03/2015;4,0;P
03/03/2015;4,2;P
04/03/2015;0,0;P
05/03/2015;14,4;P
06/03/2015;0,0;P
07/03/2015;0,0;P
08/03/2015;0,0;P
09/03/2015;0,0;P
10/03/2015;0,0;P
11/03/2015;0,0;P
12/03/2015;0,0;P
13/03/2015;0,0;P
14/03/2015;0,0;P
15/03/2015;0,0;P
16/03/2015;6,6;P
17/03/2015;16,4;P
18/03/2015;0,0;P
19/03/2015;0,0;P
20/03/2015;0,0;P
21/03/2015;0,0;P
22/03/2015;0,4;P
23/03/2015;0,0;P
24/03/2015;1,2;P
25/03/2015;0,6;P
26/03/2015;24,8;P
27/03/2015;0,2;P
28/03/2015;0,8;P
29/03/2015;0,0;P
30/03/2015;0,0;P
31/03/2015;0,0;P
01/04/2015;0,0;P
02/04/2015;0,0;P
03/04/2015;0,0;P
04/04/2015;0,0;P
05/04/2015;34,8;P
06/04/2015;0,0;P
07/04/2015;0,0;P
08/04/2015;0,0;P
09/04/2015;0,0;P
10/04/2015;0,0;P
11/04/2015;0,0;P
12/04/2015;0,0;P
13/04/2015;0,0;P
14/04/2015;0,0;P
15/04/2015;0,0;P
16/04/2015;0,0;P
17/04/2015;0,0;P
18/04/2015;1,0;P
19/04/2015;0,8;P
20/04/2015;0,0;P
21/04/2015;0,0;P
22/04/2015;0,0;P
23/04/2015;0,0;P
24/04/2015;1,8;P
25/04/2015;0,0;P
26/04/2015;0,0;P
27/04/2015;5,8;P
28/04/2015;17,0;P
29/04/2015;8,8;P
30/04/2015;2,6;P
01/05/2015;0,0;P
02/05/2015;0,8;P
03/05/2015;0,0;P
04/05/2015;0,0;P
05/05/2015;0,0;P
06/05/2015;0,0;P
07/05/2015;0,0;P
08/05/2015;0,0;P
09/05/2015;0,0;P
10/05/2015;0,0;P
11/05/2015;0,0;P
12/05/2015;0,0;P
13/05/2015;0,0;P
14/05/2015;0,0;P
15/05/2015;0,0;P
16/05/2015;2,0;P
17/05/2015;0,2;P
18/05/2015;0,0;P
19/05/2015;0,0;P
20/05/2015;0,0;P
21/05/2015;12,0;P
22/05/2015;8,0;P
23/05/2015;4,4;P
24/05/2015;1,2;P
25/05/2015;0,0;P
26/05/2015;0,0;P
27/05/2015;5,0;P
28/05/2015;0,0;P
29/05/2015;0,0;P
30/05/2015;0,0;P
31/05/2015;0,0;P
01/06/2015;0,0;P
02/06/2015;0,0;P
03/06/2015;0,0;P
04/06/2015;0,0;P
05/06/2015;0,0;P
06/06/2015;0,0;P
07/06/2015;0,0;P
08/06/2015;0,0;P
09/06/2015;0,0;P
10/06/2015;0,0;P
11/06/2015;0,4;P
12/06/2015;0,4;P
13/06/2015;0,0;P
14/06/2015;0,0;P
15/06/2015;3,4;P
16/06/2015;20,6;P
17/06/2015;0,2;P
18/06/2015;0,0;P
19/06/2015;0,0;P
20/06/2015;0,0;P
21/06/2015;0,0;P
22/06/2015;0,0;P
23/06/2015;0,0;P
24/06/2015;2,6;P
25/06/2015;0,0;P
26/06/2015;0,0;P
27/06/2015;0,0;P
28/06/2015;0,0;P
29/06/2015;0,0;P
30/06/2015;0,0;P
01/07/2015;0,0;P
02/07/2015;0,0;P
03/07/2015;0,0;P
04/07/2015;0,0;P
05/07/2015;0,0;P
06/07/2015;0,0;P
07/07/2015;0,0;P
08/07/2015;0,0;P
09/07/2015;0,0;P
10/07/2015;0,0;P
11/07/2015;0,0;P
12/07/2015;0,0;P
13/07/2015;0,0;P
14/07/2015;0,0;P
15/07/2015;0,0;P
16/07/2015;0,0;P
17/07/2015;0,0;P
18/07/2015;0,0;P
19/07/2015;0,0;P
20/07/2015;0,0;P
21/07/2015;0,0;P
22/07/2015;0,0;P
23/07/2015;10,0;P
24/07/2015;0,0;P
25/07/2015;3,4;P
26/07/2015;1,0;P
27/07/2015;0,0;P
28/07/2015;0,0;P
29/07/2015;0,0;P
30/07/2015;0,0;P
31/07/2015;2,8;P
01/08/2015;0,0;P
02/08/2015;52,4;P
03/08/2015;0,0;P
04/08/2015;0,0;P
05/08/2015;0,0;P
06/08/2015;0,0;P
07/08/2015;0,0;P
08/08/2015;0,0;P
09/08/2015;0,0;P
10/08/2015;11,8;P
11/08/2015;3,0;P
12/08/2015;0,0;P
13/08/2015;0,0;P
14/08/2015;0,0;P
15/08/2015;0,0;P
16/08/2015;1,4;P
17/08/2015;0,2;P
18/08/2015;0,0;P
19/08/2015;2,8;P
20/08/2015;4,8;P
21/08/2015;0,0;P
22/08/2015;0,0;P
23/08/2015;0,0;P
24/08/2015;11,6;P
25/08/2015;5,4;P
26/08/2015;0,0;P
27/08/2015;0,0;P
28/08/2015;0,0;P
29/08/2015;0,0;P
30/08/2015;0,0;P
31/08/2015;0,0;P
01/09/2015;0,0;P
02/09/2015;0,0;P
03/09/2015;0,0;P
04/09/2015;0,2;P
05/09/2015;0,0;P
06/09/2015;0,0;P
07/09/2015;0,0;P
08/09/2015;0,0;P
09/09/2015;0,0;P
10/09/2015;0,0;P
11/09/2015;0,0;P
12/09/2015;0,0;P
13/09/2015;0,0;P
14/09/2015;8,6;P
15/09/2015;1,0;P
16/09/2015;0,0;P
17/09/2015;0,0;P
18/09/2015;0,0;P
19/09/2015;0,0;P
20/09/2015;0,0;P
21/09/2015;0,0;P
22/09/2015;0,0;P
23/09/2015;0,2;P
24/09/2015;13,4;P
25/09/2015;0,0;P
26/09/2015;0,0;P
27/09/2015;0,0;P
28/09/2015;0,0;P
29/09/2015;0,0;P
30/09/2015;0,0;P
01/10/2015;0,0;P
02/10/2015;1,6;P
03/10/2015;2,2;P
04/10/2015;2,0;P
05/10/2015;20,6;P
06/10/2015;3,0;P
07/10/2015;0,8;P
08/10/2015;1,0;P
09/10/2015;0,0;P
10/10/2015;1,0;P
11/10/2015;5,8;P
12/10/2015;0,0;P
13/10/2015;2,8;P
14/10/2015;9,0;P
15/10/2015;13,2;P
16/10/2015;7,4;P
17/10/2015;1,8;P
18/10/2015;0,0;P
19/10/2015;3,0;P
20/10/2015;0,0;P
21/10/2015;0,0;P
22/10/2015;0,0;P
23/10/2015;0,0;P
24/10/2015;0,0;P
25/10/2015;0,0;P
26/10/2015;0,0;P
27/10/2015;0,0;P
28/10/2015;11,0;P
29/10/2015;36,8;P
30/10/2015;1,8;P
31/10/2015;0,0;P
01/11/2015;0,0;P
02/11/2015;0,0;P
03/11/2015;0,0;P
04/11/2015;0,0;P
05/11/2015;0,0;P
06/11/2015;0,0;P
07/11/2015;0,0;P
08/11/2015;0,0;P
09/11/2015;0,2;P
10/11/2015;0,0;P
11/11/2015;0,0;P
12/11/2015;0,0;P
13/11/2015;0,0;P
14/11/2015;0,0;P
15/11/2015;0,0;P
16/11/2015;0,0;P
17/11/2015;0,0;P
18/11/2015;0,0;P
19/11/2015;0,0;P
20/11/2015;0,0;P
21/11/2015;4,4;P
22/11/2015;11,0;P
23/11/2015;0,4;P
24/11/2015;1,0;P
25/11/2015;0,0;P
26/11/2015;0,0;P
27/11/2015;0,0;P
28/11/2015;0,0;P
29/11/2015;0,0;P
30/11/2015;0,0;P
01/12/2015;0,0;P
02/12/2015;0,0;P
03/12/2015;0,0;P
04/12/2015;0,0;P
05/12/2015;0,0;P
06/12/2015;0,0;P
07/12/2015;0,0;P
08/12/2015;0,0;P
09/12/2015;1,2;P
10/12/2015;0,2;P
11/12/2015;0,0;P
12/12/2015;0,0;P
13/12/2015;0,0;P
14/12/2015;0,0;P
15/12/2015;0,0;P
16/12/2015;0,0;P
17/12/2015;0,2;P
18/12/2015;0,0;P
19/12/2015;0,0;P
20/12/2015;0,0;P
21/12/2015;0,0;P
22/12/2015;0,6;P
23/12/2015;1,0;P
24/12/2015;0,0;P
25/12/2015;0,0;P
26/12/2015;0,2;P
27/12/2015;0,0;P
28/12/2015;0,0;P
29/12/2015;0,0;P
30/12/2015;0,0;P
31/12/2015;0,0;P
01/01/2016;0,0;P
02/01/2016;2,4;P
03/01/2016;15,8;P
04/01/2016;4,0;P
05/01/2016;7,4;P
06/01/2016;16,0;P
07/01/2016;3,8;P
08/01/2016;5,2;P
09/01/2016;0,0;P
10/01/2016;6,0;P
11/01/2016;0,0;P
12/01/2016;4,2;P
13/01/2016;0,0;P
14/01/2016;1,2;P
15/01/2016;29,2;P
16/01/2016;0,4;P
17/01/2016;0,0;P
18/01/2016;0,0;P
19/01/2016;0,0;P
20/01/2016;0,0;P
21/01/2016;0,0;P
22/01/2016;0,0;P
23/01/2016;0,0;P
24/01/2016;0,0;P
25/01/2016;0,0;P
26/01/2016;0,0;P
27/01/2016;0,2;P
28/01/2016;0,8;P
29/01/2016;0,4;P
30/01/2016;0,2;P
31/01/2016;0,0;P
01/02/2016;1,2;P
02/02/2016;0,0;P
03/02/2016;0,2;P
04/02/2016;3,6;P
05/02/2016;0,0;P
06/02/2016;0,0;P
07/02/2016;0,0;P
08/02/2016;0,0;P
09/02/2016;0,6;P
10/02/2016;8,8;P
11/02/2016;0,8;P
12/02/2016;30,4;P
13/02/2016;9,8;P
14/02/2016;16,8;P
15/02/2016;6,4;P
16/02/2016;31,8;P
17/02/2016;8,0;P
18/02/2016;2,0;P
19/02/2016;6,0;P
20/02/2016;1,2;P
21/02/2016;0,0;P
22/02/2016;0,0;P
23/02/2016;3,4;P
24/02/2016;1,0;P
25/02/2016;0,8;P
26/02/2016;10,2;P
27/02/2016;7,6;P
28/02/2016;13,8;P
29/02/2016;14,0;P
01/03/2016;6,6;P
02/03/2016;0,0;P
03/03/2016;6,0;P
04/03/2016;0,0;P
05/03/2016;0,0;P
06/03/2016;17,6;P
07/03/2016;17,8;P
08/03/2016;4,6;P
09/03/2016;4,2;P
10/03/2016;0,0;P
11/03/2016;0,0;P
12/03/2016;0,0;P
13/03/2016;0,0;P
14/03/2016;0,0;P
15/03/2016;0,0;P
16/03/2016;0,0;P
17/03/2016;0,0;P
18/03/2016;0,0;P
19/03/2016;0,0;P
20/03/2016;0,0;P
21/03/2016;4,2;P
22/03/2016;1,4;P
23/03/2016;0,0;P
24/03/2016;0,0;P
25/03/2016;0,0;P
26/03/2016;0,0;P
27/03/2016;0,0;P
28/03/2016;13,8;P
29/03/2016;1,2;P
30/03/2016;0,0;P
31/03/2016;0,0;P
01/04/2016;0,0;P
02/04/2016;0,0;P
03/04/2016;0,0;P
04/04/2016;0,0;P
05/04/2016;0,0;P
06/04/2016;0,0;P
07/04/2016;0,0;P
08/04/2016;0,0;P
09/04/2016;6,6;P
10/04/2016;0,4;P
11/04/2016;0,0;P
12/04/2016;0,0;P
13/04/2016;0,0;P
14/04/2016;0,0;P
15/04/2016;0,0;P
16/04/2016;0,0;P
17/04/2016;0,0;P
18/04/2016;0,0;P
19/04/2016;0,0;P
20/04/2016;0,0;P
21/04/2016;0,0;P
22/04/2016;0,2;P
23/04/2016;4,6;P
24/04/2016;26,2;P
25/04/2016;7,0;P
26/04/2016;0,0;P
27/04/2016;0,0;P
28/04/2016;0,0;P
29/04/2016;0,0;P
30/04/2016;0,0;P
01/05/2016;19,2;P
02/05/2016;0,0;P
03/05/2016;5,4;P
04/05/2016;2,8;P
05/05/2016;0,0;P
06/05/2016;0,0;P
07/05/2016;0,0;P
08/05/2016;0,2;P
09/05/2016;0,6;P
10/05/2016;0,2;P
11/05/2016;0,0;P
12/05/2016;11,0;P
13/05/2016;0,0;P
14/05/2016;18,6;P
15/05/2016;2,2;P
16/05/2016;17,0;P
17/05/2016;0,2;P
18/05/2016;0,0;P
19/05/2016;0,0;P
20/05/2016;7,2;P
21/05/2016;0,0;P
22/05/2016;0,0;P
23/05/2016;0,0;P
24/05/2016;10,8;P
25/05/2016;0,0;P
26/05/2016;0,0;P
27/05/2016;0,0;P
28/05/2016;0,0;P
29/05/2016;0,6;P
30/05/2016;8,2;P
31/05/2016;0,0;P
01/06/2016;0,0;P
02/06/2016;2,2;P
03/06/2016;6,6;P
04/06/2016;1,8;P
05/06/2016;0,4;P
06/06/2016;0,0;P
07/06/2016;3,4;P
08/06/2016;3,6;P
09/06/2016;4,4;P
10/06/2016;0,2;P
11/06/2016;0,0;P
12/06/2016;0,0;P
13/06/2016;21,8;P
14/06/2016;0,0;P
15/06/2016;1,0;P
16/06/2016;0,0;P
17/06/2016;3,6;P
18/06/2016;0,0;P
19/06/2016;0,0;P
20/06/2016;1,0;P
21/06/2016;0,0;P
22/06/2016;0,0;P
23/06/2016;0,0;P
24/06/2016;0,0;P
25/06/2016;0,0;P
26/06/2016;0,0;P
27/06/2016;0,0;P
28/06/2016;0,0;P
29/06/2016;0,0;P
30/06/2016;0,0;P
01/07/2016;0,0;P
02/07/2016;0,0;P
03/07/2016;0,0;P
04/07/2016;0,0;P
05/07/2016;0,0;P
06/07/2016;0,0;P
07/07/2016;0,0;P
08/07/2016;0,0;P
09/07/2016;0,0;P
10/07/2016;0,0;P
11/07/2016;0,0;P
12/07/2016;0,0;P
13/07/2016;0,0;P
14/07/2016;0,0;P
15/07/2016;5,4;P
16/07/2016;0,0;P
17/07/2016;0,0;P
18/07/2016;0,0;P
19/07/2016;0,0;P
20/07/2016;0,0;P
21/07/2016;0,0;P
22/07/2016;0,0;P
23/07/2016;0,0;P
24/07/2016;0,0;@
25/07/2016;0,0;@
26/07/2016;0,0;@
27/07/2016;0,0;@
28/07/2016;0,0;@
29/07/2016;0,0;@
30/07/2016;0,0;@
31/07/2016;0,0;P
01/08/2016;0,0;P
02/08/2016;16,0;P
03/08/2016;0,0;P
04/08/2016;0,0;P
05/08/2016;0,0;P
06/08/2016;25,4;P
07/08/2016;0,0;P
08/08/2016;0,0;P
09/08/2016;0,0;P
10/08/2016;0,0;P
11/08/2016;0,0;P
12/08/2016;0,0;P
13/08/2016;0,0;P
14/08/2016;0,0;P
15/08/2016;0,0;P
16/08/2016;0,0;P
17/08/2016;0,0;P
18/08/2016;0,0;P
19/08/2016;0,0;P
20/08/2016;0,0;P
21/08/2016;0,0;P
22/08/2016;0,0;P
23/08/2016;0,0;P
24/08/2016;0,0;P
25/08/2016;0,0;P
26/08/2016;0,0;P
27/08/2016;0,0;P
28/08/2016;0,0;P
29/08/2016;0,0;P
30/08/2016;0,0;P
31/08/2016;2,6;P
01/09/2016;0,0;P
02/09/2016;0,0;P
03/09/2016;0,0;P
04/09/2016;0,0;P
05/09/2016;0,0;P
06/09/2016;0,0;P
07/09/2016;0,6;P
08/09/2016;0,0;P
09/09/2016;0,0;P
10/09/2016;0,0;P
11/09/2016;0,0;P
12/09/2016;0,0;P
13/09/2016;0,0;P
14/09/2016;0,0;P
15/09/2016;0,0;P
16/09/2016;4,0;P
17/09/2016;30,8;P
18/09/2016;11,6;P
19/09/2016;0,0;P
20/09/2016;0,0;P
21/09/2016;0,0;P
22/09/2016;0,0;P
23/09/2016;0,0;P
24/09/2016;0,0;P
25/09/2016;0,0;P
26/09/2016;0,0;P
27/09/2016;0,0;P
28/09/2016;0,0;P
29/09/2016;0,0;P
30/09/2016;0,0;P
01/10/2016;0,0;P
02/10/2016;33,8;P
03/10/2016;1,4;P
04/10/2016;0,0;P
05/10/2016;0,0;P
06/10/2016;1,0;P
07/10/2016;1,2;P
08/10/2016;0,4;P
09/10/2016;10,0;P
10/10/2016;0,2;P
11/10/2016;0,0;P
12/10/2016;0,4;P
13/10/2016;0,0;P
14/10/2016;5,6;P
15/10/2016;42,2;P
16/10/2016;0,2;P
17/10/2016;0,0;P
18/10/2016;3,2;P
19/10/2016;0,4;P
20/10/2016;7,4;P
21/10/2016;4,6;P
22/10/2016;0,0;P
23/10/2016;0,0;P
24/10/2016;0,0;P
25/10/2016;0,0;P
26/10/2016;0,0;P
27/10/2016;28,4;P
28/10/2016;0,0;P
29/10/2016;0,0;P
30/10/2016;0,0;P
31/10/2016;0,0;P
01/11/2016;0,0;P
02/11/2016;0,0;P
03/11/2016;1,4;P
04/11/2016;0,0;@
05/11/2016;0,0;@
06/11/2016;29,6;P
07/11/2016;13,0;P
08/11/2016;0,0;P
09/11/2016;0,6;P
10/11/2016;6,2;P
11/11/2016;0,0;P
12/11/2016;20,8;P
13/11/2016;0,0;P
14/11/2016;0,0;@
15/11/2016;0,0;P
16/11/2016;0,0;P
17/11/2016;0,0;P
18/11/2016;1,0;P
19/11/2016;7,0;P
20/11/2016;13,2;P
21/11/2016;1,0;P
22/11/2016;0,0;P
23/11/2016;0,0;P
24/11/2016;0,2;P
25/11/2016;2,6;P
26/11/2016;0,2;P
27/11/2016;0,0;P
28/11/2016;0,2;P
29/11/2016;0,0;P
30/11/2016;0,0;P
01/12/2016;0,0;P
02/12/2016;0,0;P
03/12/2016;0,0;P
04/12/2016;0,0;P
05/12/2016;0,0;P
06/12/2016;0,0;P
07/12/2016;0,0;P
08/12/2016;0,0;P
09/12/2016;0,0;P
10/12/2016;0,0;P
11/12/2016;0,0;P
12/12/2016;0,0;P
13/12/2016;0,0;P
14/12/2016;0,2;P
15/12/2016;3,8;P
16/12/2016;0,2;P
17/12/2016;0,0;P
18/12/2016;0,0;P
19/12/2016;0,0;P
20/12/2016;0,6;P
21/12/2016;1,6;P
22/12/2016;0,0;P
23/12/2016;0,0;P
24/12/2016;0,2;P
25/12/2016;0,0;P
26/12/2016;0,0;P
27/12/2016;0,0;P
28/12/2016;0,2;P
29/12/2016;0,0;P
30/12/2016;0,0;P
31/12/2016;0,0;P
01/01/2017;0,0;P
02/01/2017;2,8;P
03/01/2017;20,0;P
04/01/2017;0,0;P
05/01/2017;0,0;P
06/01/2017;0,0;P
07/01/2017;0,0;P
08/01/2017;0,0;P
09/01/2017;0,0;P
10/01/2017;0,0;P
11/01/2017;0,0;P
12/01/2017;0,0;P
13/01/2017;1,2;P
14/01/2017;3,2;P
15/01/2017;0,0;P
16/01/2017;0,0;P
17/01/2017;0,0;P
18/01/2017;0,0;P
19/01/2017;0,0;P
20/01/2017;0,0;P
21/01/2017;0,0;P
22/01/2017;0,0;P
23/01/2017;0,0;P
24/01/2017;0,0;P
25/01/2017;0,0;P
26/01/2017;0,0;P
27/01/2017;0,0;P
28/01/2017;0,0;P
29/01/2017;0,0;P
30/01/2017;0,0;P
31/01/2017;2,6;P
01/02/2017;0,2;P
02/02/2017;0,2;P
03/02/2017;2,6;P
04/02/2017;3,6;P
05/02/2017;4,0;P
06/02/2017;10,8;P
07/02/2017;1,8;P
08/02/2017;0,0;P
09/02/2017;0,0;P
10/02/2017;0,0;P
11/02/2017;0,0;P
12/02/2017;0,0;P
13/02/2017;0,0;P
14/02/2017;0,0;P
15/02/2017;0,0;P
16/02/2017;0,0;P
17/02/2017;0,4;P
18/02/2017;3,2;P
19/02/2017;0,0;P
20/02/2017;0,0;P
21/02/2017;0,0;P
22/02/2017;0,0;P
23/02/2017;0,0;P
24/02/2017;2,8;P
25/02/2017;26,0;P
26/02/2017;0,0;P
27/02/2017;0,0;P
28/02/2017;0,0;P
01/03/2017;1,8;P
02/03/2017;0,2;P
03/03/2017;0,0;P
04/03/2017;0,0;P
05/03/2017;13,6;P
06/03/2017;5,0;P
07/03/2017;26,6;P
08/03/2017;0,0;P
09/03/2017;0,0;P
10/03/2017;0,0;P
11/03/2017;0,0;P
12/03/2017;0,0;P
13/03/2017;0,0;P
14/03/2017;0,0;P
15/03/2017;0,0;P
16/03/2017;0,0;P
17/03/2017;0,0;P
18/03/2017;0,0;P
19/03/2017;0,0;P
20/03/2017;0,0;P
21/03/2017;0,0;P
22/03/2017;0,0;P
23/03/2017;1,2;P
24/03/2017;0,0;P
25/03/2017;0,0;P
26/03/2017;2,2;P
27/03/2017;0,4;P
28/03/2017;0,0;P
29/03/2017;0,0;P
30/03/2017;0,0;P
31/03/2017;0,0;P
01/04/2017;0,0;P
02/04/2017;0,0;P
03/04/2017;1,4;P
04/04/2017;0,0;P
05/04/2017;0,0;P
06/04/2017;0,0;P
07/04/2017;0,6;P
08/04/2017;0,0;P
09/04/2017;0,0;P
10/04/2017;0,0;P
11/04/2017;0,0;P
12/04/2017;0,0;P
13/04/2017;0,0;P
14/04/2017;0,0;P
15/04/2017;0,0;P
16/04/2017;0,2;P
17/04/2017;1,4;P
18/04/2017;0,0;P
19/04/2017;3,4;P
20/04/2017;0,0;P
21/04/2017;0,0;P
22/04/2017;0,0;P
23/04/2017;0,0;P
24/04/2017;0,0;P
25/04/2017;0,0;P
26/04/2017;0,0;P
27/04/2017;0,0;P
28/04/2017;10,4;P
29/04/2017;0,0;@
30/04/2017;0,0;P
01/05/2017;0,0;P
02/05/2017;3,4;P
03/05/2017;0,2;P
04/05/2017;1,2;P
05/05/2017;7,4;P
06/05/2017;0,2;P
07/05/2017;7,0;P
08/05/2017;0,0;P
09/05/2017;0,0;@
10/05/2017;0,0;P
11/05/2017;0,0;P
12/05/2017;0,0;P
13/05/2017;0,0;P
14/05/2017;0,0;P
15/05/2017;9,0;P
16/05/2017;0,0;P
17/05/2017;0,0;P
18/05/2017;0,0;P
19/05/2017;0,0;P
20/05/2017;0,2;P
21/05/2017;0,0;P
22/05/2017;0,0;P
23/05/2017;0,0;P
24/05/2017;0,0;P
25/05/2017;0,0;P
26/05/2017;0,0;P
27/05/2017;0,0;P
28/05/2017;0,0;P
29/05/2017;0,0;P
30/05/2017;0,0;P
31/05/2017;0,0;P
01/06/2017;0,0;P
02/06/2017;0,0;P
03/06/2017;0,0;P
04/06/2017;0,0;P
05/06/2017;0,0;P
06/06/2017;0,0;P
07/06/2017;0,0;P
08/06/2017;0,0;P
09/06/2017;0,0;P
10/06/2017;0,0;P
11/06/2017;0,0;P
12/06/2017;0,0;P
13/06/2017;0,0;P
14/06/2017;0,0;P
15/06/2017;0,0;P
16/06/2017;0,0;P
17/06/2017;0,0;P
18/06/2017;0,0;P
19/06/2017;0,0;P
20/06/2017;0,0;P
21/06/2017;0,0;P
22/06/2017;0,0;P
23/06/2017;0,0;P
24/06/2017;0,0;P
25/06/2017;0,0;P
26/06/2017;0,0;P
27/06/2017;0,4;P
28/06/2017;0,0;P
29/06/2017;0,0;@
30/06/2017;0,0;@
01/07/2017;0,0;P
02/07/2017;0,0;P
03/07/2017;0,0;P
04/07/2017;0,0;P
05/07/2017;0,0;P
06/07/2017;0,0;P
07/07/2017;0,0;P
08/07/2017;0,0;P
09/07/2017;0,0;P
10/07/2017;0,0;P
11/07/2017;0,0;P
12/07/2017;0,0;P
13/07/2017;0,0;P
14/07/2017;0,0;P
15/07/2017;0,0;P
16/07/2017;0,0;P
17/07/2017;0,0;P
18/07/2017;0,0;P
19/07/2017;0,0;P
20/07/2017;0,0;P
21/07/2017;0,0;P
22/07/2017;0,0;P
23/07/2017;0,0;P
24/07/2017;0,0;P
25/07/2017;0,0;P
26/07/2017;2,2;P
27/07/2017;0,0;P
28/07/2017;0,0;P
29/07/2017;0,0;P
30/07/2017;0,0;P
31/07/2017;0,0;P
01/08/2017;0,0;P
02/08/2017;0,0;P
03/08/2017;0,0;P
